,user,date,text,hashtags,is_retweet,favourites,retweets
0,gvanrossum,Mon Mar 15 20:47:51 +0000 2021,Signups for the Python Language Summit at PyCon (online only) are now open. If you're representing a third party pa‚Ä¶ https://t.co/ccO7xN0AlL,,False,235,82
1,RuPaulsDragRace,Mon Mar 15 16:00:01 +0000 2021,Remember Britney's python? This is her now. üêçüíõ  Snatch up @denalifox's sickening lewk from the Yellow Gorgeous runw‚Ä¶ https://t.co/AS4v1mrXcG,,False,1999,154
2,JohnMu,Mon Mar 15 20:07:38 +0000 2021,"Five lines of #Python üêçüî• to give you weekly metrics from your Search Console performance report downloads. 

Thank‚Ä¶ https://t.co/UsLtEl3uzv",Python,False,97,27
3,Artificialbra1n,Tue Mar 16 14:47:39 +0000 2021,"Decision Trees in Machine Learning (ML) with Python Tutorial ‚Üí https://t.co/xQbc4AqDZh

#decisiontrees #deeplearning #neural‚Ä¶",decisiontrees deeplearning,True,0,24
4,nicfreeman1209,Tue Mar 16 14:47:38 +0000 2021,"@ptwiddle Write python/etc to output the individual video frames, then use e.g. virtualdub to stitch them into a video",,False,0,0
5,WomenCodersBot,Tue Mar 16 14:47:38 +0000 2021,"I just published in @TDataScience The Concepts Behind Logistic Regression https://t.co/xCqlRVhp34 
#python #datascience‚Ä¶",python datascience,True,0,1
6,AndresAgui90,Tue Mar 16 14:47:37 +0000 2021,"Deep Learning For Land Cover Classification Of Satellite Imagery Using Python [tutorial]
https://t.co/K3zXYzBKf6
#GIS #‚Ä¶",GIS,True,0,16
7,Asiyene_KDM,Tue Mar 16 14:47:37 +0000 2021,"Be happy about each and every error message you get when compiling #code.

It is a chance to learn something new. 

#100D‚Ä¶",code,True,0,9
8,Joffreybvn,Tue Mar 16 14:47:36 +0000 2021,How To Deploy ML Models on #AWS. #BigData #Analytics #DataScience #AI #MachineLearning #IoT #IIoT #PyTorch #Python #RStats‚Ä¶,AWS BigData Analytics DataScience AI MachineLearning IoT IIoT PyTorch Python RStats,True,0,16
9,GTechCouncil,Tue Mar 16 14:47:35 +0000 2021,"4 Machine Learning Applications you use in Real World. 
Explore our courses: https://t.co/jxj4gr3hOE
#datascience‚Ä¶ https://t.co/s9LwzB6Hbx",datascience,False,0,0
10,IndhuChelliah,Tue Mar 16 14:47:33 +0000 2021,"I just published in @TDataScience The Concepts Behind Logistic Regression https://t.co/xCqlRVhp34 
#python‚Ä¶ https://t.co/1BO5Vj2c7u",python,False,0,1
11,prostudywriters,Tue Mar 16 14:47:26 +0000 2021,"Hire me help you get A's in your essays.
pay someone write
#Physics
#essayhelp
#English
#essaypay
#Maths
#Essaydue‚Ä¶ https://t.co/QwiNpn4anT",Physics essayhelp English essaypay Maths Essaydue,False,0,0
12,xaelbot,Tue Mar 16 14:47:14 +0000 2021,"This is ‚ö´ Black Panther face!

#animal #wildlife #photography #BlackPanther #fotografia #flutter #python #metroidvania #‚Ä¶",animal wildlife photography BlackPanther fotografia flutter python metroidvania,True,0,15
13,GarySmithMIW,Tue Mar 16 14:47:13 +0000 2021,"Secure your #Python #FastAPI Backend with a simple Approov integration https://t.co/7yJRdGwq35
#API #DevSecOps #Developer #‚Ä¶",Python FastAPI API DevSecOps Developer,True,0,1
14,coder_487,Tue Mar 16 14:47:10 +0000 2021,"This is ‚ö´ Black Panther face!

#animal #wildlife #photography #BlackPanther #fotografia #flutter #python #metroidvania #‚Ä¶",animal wildlife photography BlackPanther fotografia flutter python metroidvania,True,0,15
15,Necio_news,Tue Mar 16 14:47:08 +0000 2021,"(Excel 2019 Bible) Check it out üëâ - https://t.co/Ru2veT9FQs

#datascience #Java #ArtificialIntelligence #python #Bigdata #j‚Ä¶",datascience Java ArtificialIntelligence python Bigdata,True,0,13
16,IainLJBrown,Tue Mar 16 14:47:01 +0000 2021,Analytical Targeting &amp; Interaction Optimization with SAS Customer Intelligence 360 #ArtificialIntelligence #AI‚Ä¶ https://t.co/tLsF6UauaX,ArtificialIntelligence AI,False,0,0
17,r_9771,Tue Mar 16 14:47:00 +0000 2021,"tiny python script to watch an S3 bucket for new files and download them 

https://t.co/qyb06Yskcq https://t.co/hlda3hhUXn",,True,0,6
18,bungobot1,Tue Mar 16 14:46:58 +0000 2021,How to Install the Python Environment for AI and Machine Learning on WSL2 https://t.co/dyqvW5TdiO  #MachineLearning,MachineLearning,True,0,3
19,oka39403689,Tue Mar 16 14:46:54 +0000 2021,400 followers! thank you thank you! love from ezo bear and python! ‚ù§Ô∏èüêçüêª https://t.co/JolFBPsHux,,True,0,28
20,dmonty_python,Tue Mar 16 14:46:53 +0000 2021,"The feds finally got me smdh, retweet so I can find my mutuals again https://t.co/VG5sLug6W8",,True,0,11
21,stanfordnlp,Tue Mar 16 14:46:52 +0000 2021,"Hear from @yuhaozhangx, Member of @stanfordnlp &amp;  @StanfordAIMI on ""Analyzing #Biomedical and #Clinical Text with the Sta‚Ä¶",Biomedical Clinical,True,0,2
22,flipsidexr,Tue Mar 16 14:46:50 +0000 2021,Do you like tinkering with #singleboardcomputers like #RaspberryPi? Is #Python programming and #Bash scripting second‚Ä¶,singleboardcomputers RaspberryPi Python Bash,True,0,2
23,friday_Js_bot,Tue Mar 16 14:46:49 +0000 2021,"Our rates are affordable always:--

Dissertation
onlineclass
summer classes 
Essay
#Paper pay 
Case study..
python
#Do my ho‚Ä¶",Paper Do,True,0,1
24,JamietalC,Tue Mar 16 14:46:44 +0000 2021,"Our rates are affordable always:--

Dissertation
onlineclass
summer classes 
Essay
#Paper pay 
Case study..
python‚Ä¶ https://t.co/WLCqwmXttb",Paper,False,0,1
25,YogeshBang,Tue Mar 16 14:46:41 +0000 2021,How To Deploy ML Models on #AWS. #BigData #Analytics #DataScience #AI #MachineLearning #IoT #IIoT #PyTorch #Python #RStats‚Ä¶,AWS BigData Analytics DataScience AI MachineLearning IoT IIoT PyTorch Python RStats,True,0,16
26,xaelbot,Tue Mar 16 14:46:34 +0000 2021,"JavaScript: Understanding the Weird Parts - Free Discount -&gt; https://t.co/OQWvaAAomV

#udemy #coupons #webdevelopment‚Ä¶",udemy coupons webdevelopment,True,0,38
27,friday_Js_bot,Tue Mar 16 14:46:33 +0000 2021,"JavaScript: Understanding the Weird Parts - Free Discount -&gt; https://t.co/OQWvaAAomV

#udemy #coupons #webdevelopment‚Ä¶",udemy coupons webdevelopment,True,0,38
28,nightwalker,Tue Mar 16 14:46:31 +0000 2021,The Debugging Book - Tools and Techniques for Automated Software Debugging https://t.co/Yte82T9NYy #Python #Automated #So‚Ä¶,Python Automated,True,0,3
29,_100DaysOfCode,Tue Mar 16 14:46:31 +0000 2021,"JavaScript: Understanding the Weird Parts - Free Discount -&gt; https://t.co/OQWvaAAomV

#udemy #coupons #webdevelopment‚Ä¶",udemy coupons webdevelopment,True,0,38
30,indienewsaoba,Tue Mar 16 14:46:31 +0000 2021,"This is ‚ö´ Black Panther face!

#animal #wildlife #photography #BlackPanther #fotografia #flutter #python #metroidvania #‚Ä¶",animal wildlife photography BlackPanther fotografia flutter python metroidvania,True,0,15
31,CoderRetweet,Tue Mar 16 14:46:27 +0000 2021,"JavaScript: Understanding the Weird Parts - Free Discount -&gt; https://t.co/OQWvaAAomV

#udemy #coupons #webdevelopment‚Ä¶",udemy coupons webdevelopment,True,0,38
32,EliteDaMyth,Tue Mar 16 14:46:24 +0000 2021,How To Deploy ML Models on #AWS. #BigData #Analytics #DataScience #AI #MachineLearning #IoT #IIoT #PyTorch #Python #RStats‚Ä¶,AWS BigData Analytics DataScience AI MachineLearning IoT IIoT PyTorch Python RStats,True,0,16
33,TopGrade_s,Tue Mar 16 14:46:23 +0000 2021,"Hire me help you get A's in your essays.
pay someone write
#Physics
#essayhelp
#English
#essaypay
#Maths
#Essaydue‚Ä¶ https://t.co/BZawtX3jYQ",Physics essayhelp English essaypay Maths Essaydue,False,0,0
34,Maignanamurthy,Tue Mar 16 14:46:21 +0000 2021,How To Deploy ML Models on #AWS. #BigData #Analytics #DataScience #AI #MachineLearning #IoT #IIoT #PyTorch #Python #RStats‚Ä¶,AWS BigData Analytics DataScience AI MachineLearning IoT IIoT PyTorch Python RStats,True,0,16
35,datasciencebot_,Tue Mar 16 14:46:19 +0000 2021,"Telling a Great Data Story: A Visualization Decision Tree! üòä

https://t.co/eWLUcvy59t @AI_Miami

#100DaysOfCode #AI #Analytic‚Ä¶",100DaysOfCode AI,True,0,11
36,friday_Js_bot,Tue Mar 16 14:46:10 +0000 2021,"üá∫üá∏Proud to Offerüá∫üá∏
‚≠êÔ∏èhttps://t.co/w10JBcrsdl‚≠êÔ∏è
#SiliconValley #5G #AI 
@mvollmer1 @PawlowskiMario 
@MargaretSiegien @Pawlow‚Ä¶",SiliconValley 5G AI,True,0,4
37,fluttbot,Tue Mar 16 14:46:10 +0000 2021,"üá∫üá∏Proud to Offerüá∫üá∏
‚≠êÔ∏èhttps://t.co/w10JBcrsdl‚≠êÔ∏è
#SiliconValley #5G #AI 
@mvollmer1 @PawlowskiMario 
@MargaretSiegien @Pawlow‚Ä¶",SiliconValley 5G AI,True,0,4
38,ServerlessFan,Tue Mar 16 14:46:10 +0000 2021,"üá∫üá∏Proud to Offerüá∫üá∏
‚≠êÔ∏èhttps://t.co/w10JBcrsdl‚≠êÔ∏è
#SiliconValley #5G #AI 
@mvollmer1 @PawlowskiMario 
@MargaretSiegien @Pawlow‚Ä¶",SiliconValley 5G AI,True,0,4
39,friday_Js_bot,Tue Mar 16 14:46:05 +0000 2021,"Our rates are affordable always:--

Dissertation
onlineclass
summer classes 
Essay
#Paper pay 
Case study
python..
#Do my ho‚Ä¶",Paper Do,True,0,2
40,Exchange5g,Tue Mar 16 14:46:05 +0000 2021,"üá∫üá∏Proud to Offerüá∫üá∏
‚≠êÔ∏èhttps://t.co/w10JBcrsdl‚≠êÔ∏è
#SiliconValley #5G #AI 
@mvollmer1 @PawlowskiMario 
@MargaretSiegien‚Ä¶ https://t.co/rvngKxn2UH",SiliconValley 5G AI,False,1,4
41,blackstembot,Tue Mar 16 14:46:03 +0000 2021,"Heimdallr only 23KB.
https://t.co/6xSKOG32Xm
.
#github #python #coding #javascript #programming #DeveloperJobs #code #programme‚Ä¶",github python coding javascript programming DeveloperJobs code,True,0,27
42,Fabriciosx,Tue Mar 16 14:46:00 +0000 2021,"This Indian Startup Uses Artificial Intelligence to Facilitate Radiology Imaging - MarkTechPost

Read more here: https:‚Ä¶",,True,0,47
43,Fabriciosx,Tue Mar 16 14:46:00 +0000 2021,@svpino @datasciencegem I like this approach but still prefer using Conda to using pip to install and mange software sta‚Ä¶,,True,0,2
44,Fabriciosx,Tue Mar 16 14:46:00 +0000 2021,Data Science vs. Data Analytics vs. Machine Learning: Expert Talk #BigData #DataScience #MachineLearning #Python #R #Superv‚Ä¶,BigData DataScience MachineLearning Python R,True,0,3
45,Fabriciosx,Tue Mar 16 14:46:00 +0000 2021,"Deep Driving with Direct perception based Approach ‚ñ∂Ô∏è
#Analytics #MachineLearning #AI #Python #Rstats #Reactjs #IoT #IIo‚Ä¶",Analytics MachineLearning AI Python Rstats Reactjs IoT,True,0,144
46,Fabriciosx,Tue Mar 16 14:46:00 +0000 2021,"Hire me help you get A's in your essays.
pay someone write
#Physics
#essayhelp
#English
#essaypay
#Maths
#Essaydue
#Chem
#as‚Ä¶",Physics essayhelp English essaypay Maths Essaydue Chem,True,0,3
47,Fabriciosx,Tue Mar 16 14:46:00 +0000 2021,"#FEATURED #COURSES

Machine Learning A-ZÔøΩ: Hands-On Python &amp; R In Data Science

Learn to create Machine Learning Algorithms in‚Ä¶",FEATURED COURSES,True,0,11
48,Fabriciosx,Tue Mar 16 14:46:00 +0000 2021,"#udemy #udemyfree #udemyfreecoupons #udemy10 #udemydiscount #bestblackhat
Free Complete #Python #Bootcamp | Deep Learning Int‚Ä¶",udemy udemyfree udemyfreecoupons udemy10 udemydiscount bestblackhat Python Bootcamp,True,0,8
49,Fabriciosx,Tue Mar 16 14:46:00 +0000 2021,"Full Stack Developer (Node.js) - LDI-MAP, LLC dba IJOIN https://t.co/wisXOROQbb #relevantjobs #job #jobs #hiring  #nodej‚Ä¶",relevantjobs job jobs hiring,True,0,7
50,Fabriciosx,Tue Mar 16 14:46:00 +0000 2021,"HCL Verse helps you spend more time managing priorities!
#hclswlobp #nocode #lowcode #javascript #github #nodejs #cybers‚Ä¶",hclswlobp nocode lowcode javascript github nodejs,True,0,19
51,Fabriciosx,Tue Mar 16 14:46:00 +0000 2021,Fundamentals of Machine Learning ($19.99 to Free) #ArtificialIntelligence #100DaysOfCode #programming #blockchain #Cloud‚Ä¶,ArtificialIntelligence 100DaysOfCode programming blockchain,True,0,34
52,Fabriciosx,Tue Mar 16 14:46:00 +0000 2021,Sample image generated from random point in latent space. #machinelearning #urban #dreamscape #dystopic #cityscape #imaginar‚Ä¶,machinelearning urban dreamscape dystopic cityscape,True,0,11
53,Fabriciosx,Tue Mar 16 14:46:00 +0000 2021,#SoftwareEngineering Best Practices for #DataScientists | #BigData #Analytics #DataScience #IIoT #PyTorch #Python #RStats #Te‚Ä¶,SoftwareEngineering DataScientists BigData Analytics DataScience IIoT PyTorch Python RStats,True,0,21
54,Fabriciosx,Tue Mar 16 14:46:00 +0000 2021,"Hire me help you get A's in your essays.
pay someone write
#Physics
#essayhelp
#English
#Maths
#Essaydue
#Chem
#assignment d‚Ä¶",Physics essayhelp English Maths Essaydue Chem assignment,True,0,4
55,JamietalC,Tue Mar 16 14:46:00 +0000 2021,"Our rates are affordable always:--

Dissertation
onlineclass
summer classes 
Essay
#Paper pay 
Case study
python..‚Ä¶ https://t.co/ZIHyKuHokQ",Paper,False,1,2
56,ML_Tweet_Bot,Tue Mar 16 14:45:55 +0000 2021,Data Science vs. Data Analytics vs. Machine Learning: Expert Talk #BigData #DataScience #MachineLearning #Python #R #Superv‚Ä¶,BigData DataScience MachineLearning Python R,True,0,3
57,xaelbot,Tue Mar 16 14:45:54 +0000 2021,Fundamentals of Machine Learning ($19.99 to Free) #ArtificialIntelligence #100DaysOfCode #programming #blockchain #Cloud‚Ä¶,ArtificialIntelligence 100DaysOfCode programming blockchain,True,0,34
58,MasterofIoT,Tue Mar 16 14:45:52 +0000 2021,Fundamentals of Machine Learning ($19.99 to Free) #ArtificialIntelligence #100DaysOfCode #programming #blockchain #Cloud‚Ä¶,ArtificialIntelligence 100DaysOfCode programming blockchain,True,0,34
59,fatihguvenen,Tue Mar 16 14:45:51 +0000 2021,"@ben_moll @Simon_Mongey Ben, we are going to be posting a Python (and possibly Julia) wrapper in the coming months.‚Ä¶ https://t.co/TZDnaMZOUP",,False,0,0
60,ai_summary,Tue Mar 16 14:45:50 +0000 2021,Data Science vs. Data Analytics vs. Machine Learning: Expert Talk #BigData #DataScience #MachineLearning #Python #R‚Ä¶ https://t.co/ppGLZv6YOZ,BigData DataScience MachineLearning Python R,False,1,3
61,friday_Js_bot,Tue Mar 16 14:45:46 +0000 2021,"Hi Do you need¬† any¬† logo Design visit my Link..https://t.co/eEn0aSgc9S
#AI #DataScientist #DataScience #CloudComputing‚Ä¶",AI DataScientist DataScience CloudComputing,True,0,41
62,coder_487,Tue Mar 16 14:45:46 +0000 2021,Sample image generated from random point in latent space. #machinelearning #urban #dreamscape #dystopic #cityscape #imaginar‚Ä¶,machinelearning urban dreamscape dystopic cityscape,True,0,11
63,friday_Js_bot,Tue Mar 16 14:45:44 +0000 2021,"Deep Driving with Direct perception based Approach ‚ñ∂Ô∏è
#Analytics #MachineLearning #AI #Python #Rstats #Reactjs #IoT #IIo‚Ä¶",Analytics MachineLearning AI Python Rstats Reactjs IoT,True,0,144
64,cybersec_feeds,Tue Mar 16 14:45:41 +0000 2021,"Hi Do you need¬† any¬† logo Design visit my Link..https://t.co/eEn0aSgc9S
#AI #DataScientist #DataScience #CloudComputing‚Ä¶",AI DataScientist DataScience CloudComputing,True,0,41
65,friday_Js_bot,Tue Mar 16 14:45:35 +0000 2021,"Full Stack Developer (Node.js) - LDI-MAP, LLC dba IJOIN https://t.co/wisXOROQbb #relevantjobs #job #jobs #hiring  #nodej‚Ä¶",relevantjobs job jobs hiring,True,0,7
66,friday_Js_bot,Tue Mar 16 14:45:35 +0000 2021,"Full Stack Developer (Node.js) - LDI-MAP, LLC dba IJOIN https://t.co/wisXOROQbb #relevantjobs #job #jobs #hiring  #nodej‚Ä¶",relevantjobs job jobs hiring,True,0,7
67,coder_487,Tue Mar 16 14:45:30 +0000 2021,"Full Stack Developer (Node.js) - LDI-MAP, LLC dba IJOIN https://t.co/wisXOROQbb #relevantjobs #job #jobs #hiring  #nodej‚Ä¶",relevantjobs job jobs hiring,True,0,7
68,coder_487,Tue Mar 16 14:45:30 +0000 2021,"Full Stack Developer (Node.js) - LDI-MAP, LLC dba IJOIN https://t.co/wisXOROQbb #relevantjobs #job #jobs #hiring  #nodej‚Ä¶",relevantjobs job jobs hiring,True,0,7
69,ImNickHuber,Tue Mar 16 14:45:29 +0000 2021,#SoftwareEngineering Best Practices for #DataScientists | #BigData #Analytics #DataScience #IIoT #PyTorch #Python #RStats #Te‚Ä¶,SoftwareEngineering DataScientists BigData Analytics DataScience IIoT PyTorch Python RStats,True,0,21
70,CoderRetweet,Tue Mar 16 14:45:26 +0000 2021,"This Indian Startup Uses Artificial Intelligence to Facilitate Radiology Imaging - MarkTechPost

Read more here: https:‚Ä¶",,True,0,47
71,hubofml,Tue Mar 16 14:45:25 +0000 2021,Fundamentals of Machine Learning ($19.99 to Free) #ArtificialIntelligence #100DaysOfCode #programming #blockchain #Cloud‚Ä¶,ArtificialIntelligence 100DaysOfCode programming blockchain,True,0,34
72,friday_Js_bot,Tue Mar 16 14:45:25 +0000 2021,Fundamentals of Machine Learning ($19.99 to Free) #ArtificialIntelligence #100DaysOfCode #programming #blockchain #Cloud‚Ä¶,ArtificialIntelligence 100DaysOfCode programming blockchain,True,0,34
73,aProgrammerBot,Tue Mar 16 14:45:24 +0000 2021,Fundamentals of Machine Learning ($19.99 to Free) #ArtificialIntelligence #100DaysOfCode #programming #blockchain #Cloud‚Ä¶,ArtificialIntelligence 100DaysOfCode programming blockchain,True,0,34
74,ML_Tweet_Bot,Tue Mar 16 14:45:24 +0000 2021,Fundamentals of Machine Learning ($19.99 to Free) #ArtificialIntelligence #100DaysOfCode #programming #blockchain #Cloud‚Ä¶,ArtificialIntelligence 100DaysOfCode programming blockchain,True,0,34
75,BundeAmoh,Tue Mar 16 14:45:22 +0000 2021,"üêçüì∞ Stochastic Gradient Descent Algorithm With Python and NumPy

In this tutorial, you'll learn what the stochastic gradient‚Ä¶",,True,0,18
76,friday_Js_bot,Tue Mar 16 14:45:19 +0000 2021,"Hire me help you get A's in your essays.
pay someone write
#Physics
#essayhelp
#English
#essaypay
#Maths
#Essaydue
#Chem
#as‚Ä¶",Physics essayhelp English essaypay Maths Essaydue Chem,True,0,3
77,sprint_code,Tue Mar 16 14:45:15 +0000 2021,"#udemy #udemyfree #udemyfreecoupons #udemy10 #udemydiscount #bestblackhat
Free Complete #Python #Bootcamp | Deep Learning Int‚Ä¶",udemy udemyfree udemyfreecoupons udemy10 udemydiscount bestblackhat Python Bootcamp,True,0,8
78,LincolnMunene9,Tue Mar 16 14:45:15 +0000 2021,"Hire me help you get A's in your essays.
pay someone write
#Physics
#essayhelp
#English
#Maths
#Essaydue
#Chem
#assignment d‚Ä¶",Physics essayhelp English Maths Essaydue Chem assignment,True,0,4
79,JamietalC,Tue Mar 16 14:45:14 +0000 2021,"Hire me help you get A's in your essays.
pay someone write
#Physics
#essayhelp
#English
#essaypay
#Maths
#Essaydue‚Ä¶ https://t.co/PWhqR1pqTb",Physics essayhelp English essaypay Maths Essaydue,False,1,3
80,coder_487,Tue Mar 16 14:45:07 +0000 2021,"Mobile apps are evolving each day, especially with AI technology helping them further advance
#ai #machinelearning #mobil‚Ä¶",ai machinelearning,True,0,2
81,Lovescience15,Tue Mar 16 14:45:02 +0000 2021,"Day 6/100 #100DaysOfCode 

6.1 - Python functions (defining and calling)

6.2 - Indentation in Python

6.3 - while loop‚Ä¶",100DaysOfCode,True,0,8
82,friday_Js_bot,Tue Mar 16 14:45:00 +0000 2021,"HCL Verse helps you spend more time managing priorities!
#hclswlobp #nocode #lowcode #javascript #github #nodejs #cybers‚Ä¶",hclswlobp nocode lowcode javascript github nodejs,True,0,19
83,samsyn07,Tue Mar 16 14:44:59 +0000 2021,"Courses starting March 26 2021:
B

@MayowaWal @MrOluGbenga @LlnuxBot @NCCEducation 

#Linux #CyberSecurity #Python #Databas‚Ä¶",Linux CyberSecurity Python,True,0,2
84,SigularityHub,Tue Mar 16 14:44:58 +0000 2021,"#FEATURED #COURSES

Machine Learning A-ZÔøΩ: Hands-On Python &amp; R In Data Science

Learn to create Machine Learning Algorithms in‚Ä¶",FEATURED COURSES,True,0,11
85,CoderRetweet,Tue Mar 16 14:44:54 +0000 2021,"HCL Verse helps you spend more time managing priorities!
#hclswlobp #nocode #lowcode #javascript #github #nodejs #cybers‚Ä¶",hclswlobp nocode lowcode javascript github nodejs,True,0,19
86,dmonty_python,Tue Mar 16 14:44:48 +0000 2021,"funny how people say ""dont judge a book by its cover"" but they judge music by its language",,True,0,23918
87,TheSandyCoder,Tue Mar 16 14:44:47 +0000 2021,@svpino @datasciencegem I like this approach but still prefer using Conda to using pip to install and mange softwar‚Ä¶ https://t.co/SkYOfScZ3c,,False,1,2
88,1mobiledevo,Tue Mar 16 14:44:34 +0000 2021,"Telling a Great Data Story: A Visualization Decision Tree! üòä

https://t.co/eWLUcvy59t @AI_Miami

#100DaysOfCode #AI #Analytic‚Ä¶",100DaysOfCode AI,True,0,11
89,ahgopi,Tue Mar 16 14:44:29 +0000 2021,How To Deploy ML Models on #AWS. #BigData #Analytics #DataScience #AI #MachineLearning #IoT #IIoT #PyTorch #Python #RStats‚Ä¶,AWS BigData Analytics DataScience AI MachineLearning IoT IIoT PyTorch Python RStats,True,0,16
90,gonsrini,Tue Mar 16 14:44:25 +0000 2021,"CSMA/CD Algorithm review, so I made a python script for fun. Feel free to use it to explain to your friend how the algori‚Ä¶",,True,0,13
91,CoderRetweet,Tue Mar 16 14:44:24 +0000 2021,"Get #custom #mug #tshirt #design on #fiverr #MadeOnFiverr
#100DaysOfCode #Machinelearning #IoT #100DaysOfMLCode #Python #java‚Ä¶",custom mug tshirt design fiverr MadeOnFiverr 100DaysOfCode Machinelearning IoT 100DaysOfMLCode Python,True,0,29
92,insanedevbot,Tue Mar 16 14:44:22 +0000 2021,"Telling a Great Data Story: A Visualization Decision Tree! üòä

https://t.co/eWLUcvy59t @AI_Miami

#100DaysOfCode #AI #Analytic‚Ä¶",100DaysOfCode AI,True,0,11
