,user,date,text,hashtags,is_retweet,favourites,retweets,source,geo
0,netpol,Wed Mar 17 17:43:20 +0000 2021,1/ Met Deputy Chief Stephen House today criticised @SistersUncut and the #SarahEverard vigil for sharing what to do‚Ä¶ https://t.co/UoG2HpvfK5,SarahEverard,False,195,183,"<a href=""https://about.twitter.com/products/tweetdeck"" rel=""nofollow"">TweetDeck</a>",
1,AamerAnwar,Thu Mar 18 11:25:27 +0000 2021,"The actions of the Tories, attacks on women at #Clapham, 118 women murdered by men in the last year, acceptance by‚Ä¶ https://t.co/0oxcMVoZAO",Clapham,False,165,66,"<a href=""http://twitter.com/download/iphone"" rel=""nofollow"">Twitter for iPhone</a>",
2,BethRigby,Thu Mar 18 13:40:39 +0000 2021,"Up in Edinburgh today talking to @Keir_Starmer about #SarahEverard &amp; what needs to change, the Covid public inquiry‚Ä¶ https://t.co/0KUi7CP5Wq",SarahEverard,False,329,52,"<a href=""http://twitter.com/download/iphone"" rel=""nofollow"">Twitter for iPhone</a>",
3,LenNicholson,Fri Mar 19 11:36:24 +0000 2021,"@Jeni84977722 The danger is that #pritipatel has simply been clever enough to delay until April, when the tragedy of #Sa‚Ä¶",pritipatel,False,0,3,"<a href=""http://twitter.com/download/android"" rel=""nofollow"">Twitter for Android</a>",
4,nwethantthant,Fri Mar 19 11:36:17 +0000 2021,"Women all over the world are standing against femicide. From Turkey to Argentina and Myanmar to the UK. 

Women say en‚Ä¶",,False,0,738,"<a href=""http://twitter.com/download/iphone"" rel=""nofollow"">Twitter for iPhone</a>",
5,erecamargot,Fri Mar 19 11:36:08 +0000 2021,This may save a life. Please retweet and share this everywhere.  #shewaswalkinghome #SarahEverard #CurfewForwomen #curfe‚Ä¶,shewaswalkinghome SarahEverard CurfewForwomen,False,0,750,"<a href=""http://twitter.com/download/android"" rel=""nofollow"">Twitter for Android</a>",
6,TnyeinK,Fri Mar 19 11:36:07 +0000 2021,"Women all over the world are standing against femicide. From Turkey to Argentina and Myanmar to the UK. 

Women say en‚Ä¶",,False,0,738,"<a href=""http://twitter.com/download/iphone"" rel=""nofollow"">Twitter for iPhone</a>",
7,erecamargot,Fri Mar 19 11:35:47 +0000 2021,"Her name was Sarah and she deserved to be able to walk home that night. It was her right. 

#notallmenbutallwomen 

#Sa‚Ä¶",notallmenbutallwomen,False,0,99,"<a href=""http://twitter.com/download/android"" rel=""nofollow"">Twitter for Android</a>",
8,CicelyMcWilliam,Fri Mar 19 11:35:38 +0000 2021,Waking up early to chat on a couple of CBC radio shows about the week that was a month from the #CallItFemicide report‚Ä¶,CallItFemicide,False,0,7,"<a href=""http://twitter.com/download/iphone"" rel=""nofollow"">Twitter for iPhone</a>",
9,YuNandar8874312,Fri Mar 19 11:35:38 +0000 2021,"Women all over the world are standing against femicide. From Turkey to Argentina and Myanmar to the UK. 

Women say en‚Ä¶",,False,0,738,"<a href=""http://twitter.com/download/iphone"" rel=""nofollow"">Twitter for iPhone</a>",
10,netpol,Wed Mar 17 17:43:20 +0000 2021,1/ Met Deputy Chief Stephen House today criticised @SistersUncut and the #SarahEverard vigil for sharing what to do‚Ä¶ https://t.co/UoG2HpvfK5,SarahEverard,False,195,183,"<a href=""https://about.twitter.com/products/tweetdeck"" rel=""nofollow"">TweetDeck</a>",
11,AamerAnwar,Thu Mar 18 11:25:27 +0000 2021,"The actions of the Tories, attacks on women at #Clapham, 118 women murdered by men in the last year, acceptance by‚Ä¶ https://t.co/0oxcMVoZAO",Clapham,False,165,66,"<a href=""http://twitter.com/download/iphone"" rel=""nofollow"">Twitter for iPhone</a>",
12,BethRigby,Thu Mar 18 13:40:39 +0000 2021,"Up in Edinburgh today talking to @Keir_Starmer about #SarahEverard &amp; what needs to change, the Covid public inquiry‚Ä¶ https://t.co/0KUi7CP5Wq",SarahEverard,False,329,52,"<a href=""http://twitter.com/download/iphone"" rel=""nofollow"">Twitter for iPhone</a>",
13,erecamargot,Fri Mar 19 11:37:19 +0000 2021,"How about we stop telling girls / women how to act, what not to wear, and what to do to prevent them being attacked, and in‚Ä¶",,False,0,99,"<a href=""http://twitter.com/download/android"" rel=""nofollow"">Twitter for Android</a>",
14,LenNicholson,Fri Mar 19 11:36:24 +0000 2021,"@Jeni84977722 The danger is that #pritipatel has simply been clever enough to delay until April, when the tragedy of #Sa‚Ä¶",pritipatel,False,0,3,"<a href=""http://twitter.com/download/android"" rel=""nofollow"">Twitter for Android</a>",
15,nwethantthant,Fri Mar 19 11:36:17 +0000 2021,"Women all over the world are standing against femicide. From Turkey to Argentina and Myanmar to the UK. 

Women say en‚Ä¶",,False,0,741,"<a href=""http://twitter.com/download/iphone"" rel=""nofollow"">Twitter for iPhone</a>",
16,erecamargot,Fri Mar 19 11:36:08 +0000 2021,This may save a life. Please retweet and share this everywhere.  #shewaswalkinghome #SarahEverard #CurfewForwomen #curfe‚Ä¶,shewaswalkinghome SarahEverard CurfewForwomen,False,0,750,"<a href=""http://twitter.com/download/android"" rel=""nofollow"">Twitter for Android</a>",
17,TnyeinK,Fri Mar 19 11:36:07 +0000 2021,"Women all over the world are standing against femicide. From Turkey to Argentina and Myanmar to the UK. 

Women say en‚Ä¶",,False,0,741,"<a href=""http://twitter.com/download/iphone"" rel=""nofollow"">Twitter for iPhone</a>",
18,erecamargot,Fri Mar 19 11:35:47 +0000 2021,"Her name was Sarah and she deserved to be able to walk home that night. It was her right. 

#notallmenbutallwomen 

#Sa‚Ä¶",notallmenbutallwomen,False,0,99,"<a href=""http://twitter.com/download/android"" rel=""nofollow"">Twitter for Android</a>",
19,CicelyMcWilliam,Fri Mar 19 11:35:38 +0000 2021,Waking up early to chat on a couple of CBC radio shows about the week that was a month from the #CallItFemicide report‚Ä¶,CallItFemicide,False,0,7,"<a href=""http://twitter.com/download/iphone"" rel=""nofollow"">Twitter for iPhone</a>",
20,YuNandar8874312,Fri Mar 19 11:35:38 +0000 2021,"Women all over the world are standing against femicide. From Turkey to Argentina and Myanmar to the UK. 

Women say en‚Ä¶",,False,0,741,"<a href=""http://twitter.com/download/iphone"" rel=""nofollow"">Twitter for iPhone</a>",
21,erecamargot,Fri Mar 19 11:35:31 +0000 2021,"Insecure men all over Twitter at the moment...

#notallmenbutallwomen #SarahEverard https://t.co/TIhTfxVGUI",notallmenbutallwomen SarahEverard,False,0,128,"<a href=""http://twitter.com/download/android"" rel=""nofollow"">Twitter for Android</a>",
22,MNose1960,Fri Mar 19 11:35:28 +0000 2021,@BBCNews Not a single protest from the #SarahEverard crowd. Almost as if they don't care for some reason.,SarahEverard,False,0,0,"<a href=""http://twitter.com/download/android"" rel=""nofollow"">Twitter for Android</a>",
23,ThetHni11625942,Fri Mar 19 11:34:24 +0000 2021,"Women all over the world are standing against femicide. From Turkey to Argentina and Myanmar to the UK. 

Women say en‚Ä¶",,False,0,741,"<a href=""http://twitter.com/download/android"" rel=""nofollow"">Twitter for Android</a>",
24,MovingF04047339,Fri Mar 19 11:33:18 +0000 2021,"Women all over the world are standing against femicide. From Turkey to Argentina and Myanmar to the UK. 

Women say en‚Ä¶",,False,0,741,"<a href=""https://mobile.twitter.com"" rel=""nofollow"">Twitter Web App</a>",
25,steven_copsey,Fri Mar 19 11:33:05 +0000 2021,We've had lots of conversations with our members about the best ways to support colleagues in the wake of #SarahEverard 's deat‚Ä¶,SarahEverard,False,0,2,"<a href=""http://twitter.com/download/iphone"" rel=""nofollow"">Twitter for iPhone</a>",
26,ITHERETWEETER1,Fri Mar 19 11:32:41 +0000 2021,New single 'She's Not Coming Home Tonight' is our response to the murder of #SarahEverard and is dedicated to all missin‚Ä¶,SarahEverard,False,0,4,"<a href=""https://mobile.twitter.com"" rel=""nofollow"">Twitter Web App</a>",
27,SheriHiggins143,Fri Mar 19 11:32:41 +0000 2021,"'A woman should just be able to walk home without been murdered'

#SarahEverard ‚ô•Ô∏è‚ô•Ô∏è‚ô•Ô∏è https://t.co/hnhtkFPXpU",SarahEverard,False,0,24,"<a href=""http://twitter.com/download/android"" rel=""nofollow"">Twitter for Android</a>",
28,facesofclevedon,Fri Mar 19 11:32:08 +0000 2021,Fantastic @PiersSociety  so impressive #WESTON  @CultureWeston @TheatreOrchard @westoncollege @ThisIsWeston‚Ä¶ https://t.co/j5EAxDlcmV,WESTON,False,0,0,"<a href=""https://mobile.twitter.com"" rel=""nofollow"">Twitter Web App</a>",
29,RealPhatsBlog,Fri Mar 19 11:31:53 +0000 2021,"Police in England and Wales to record misogyny as a hate crime in wake of Sarah Everard murder
#Europe
#Britain‚Ä¶ https://t.co/fgFWgXaQS2",Europe Britain,False,0,0,"<a href=""https://mobile.twitter.com"" rel=""nofollow"">Twitter Web App</a>",
30,AmesEST19xx,Fri Mar 19 11:30:09 +0000 2021,Sums it up perfectly #TooManyWomen #notallmenbutallwomen #SarahEverard https://t.co/doy0jBjOOb,TooManyWomen notallmenbutallwomen SarahEverard,False,0,2938,"<a href=""http://twitter.com/download/android"" rel=""nofollow"">Twitter for Android</a>",
31,StellaEi1,Fri Mar 19 11:29:40 +0000 2021,"Women all over the world are standing against femicide. From Turkey to Argentina and Myanmar to the UK. 

Women say en‚Ä¶",,False,0,741,"<a href=""http://twitter.com/download/android"" rel=""nofollow"">Twitter for Android</a>",
32,Warrkation_,Fri Mar 19 11:29:37 +0000 2021,@SubzeroMobileDj @PatsyeStevenson You are what's wrong with the world. You see injustice and spew sexist garbage. W‚Ä¶ https://t.co/rfzwQJeDPS,,False,0,0,"<a href=""http://twitter.com/download/android"" rel=""nofollow"">Twitter for Android</a>",
33,alli69,Fri Mar 19 11:29:26 +0000 2021,"#SarahEverard me too was important... But now it needs to be #TooMany. Not all men??? Yeah, highlighting something‚Ä¶ https://t.co/QFssQURILL",SarahEverard TooMany,False,1,0,"<a href=""http://twitter.com/download/android"" rel=""nofollow"">Twitter for Android</a>",
34,NaingTw,Fri Mar 19 11:28:27 +0000 2021,"Women all over the world are standing against femicide. From Turkey to Argentina and Myanmar to the UK. 

Women say en‚Ä¶",,False,0,741,"<a href=""http://twitter.com/download/android"" rel=""nofollow"">Twitter for Android</a>",
35,Addison_Barnett,Fri Mar 19 11:28:04 +0000 2021,We've had lots of conversations with our members about the best ways to support colleagues in the wake of #SarahEverard 's deat‚Ä¶,SarahEverard,False,0,2,"<a href=""https://mobile.twitter.com"" rel=""nofollow"">Twitter Web App</a>",
36,moss4teeth,Fri Mar 19 11:27:22 +0000 2021,"Women all over the world are standing against femicide. From Turkey to Argentina and Myanmar to the UK. 

Women say en‚Ä¶",,False,0,741,"<a href=""http://twitter.com/download/android"" rel=""nofollow"">Twitter for Android</a>",
37,TigerMimic,Fri Mar 19 11:26:08 +0000 2021,New single 'She's Not Coming Home Tonight' is our response to the murder of #SarahEverard and is dedicated to all missin‚Ä¶,SarahEverard,False,0,4,"<a href=""https://mobile.twitter.com"" rel=""nofollow"">Twitter Web App</a>",
38,Wooden_MariaGO,Fri Mar 19 11:25:18 +0000 2021,"Green Goat Poetry here with a reading of her newest poem

""Its not all men..you know""

Please retweet , the written‚Ä¶ https://t.co/e38bxAggSc",,False,0,0,"<a href=""http://twitter.com/download/android"" rel=""nofollow"">Twitter for Android</a>",
39,Prunella99,Fri Mar 19 11:25:06 +0000 2021,When the two sisters where killed in a London park TWO !!! there was hardly any news coverage no #outrage  now it t‚Ä¶ https://t.co/5PYvNZN3JW,outrage,False,0,0,"<a href=""http://twitter.com/download/iphone"" rel=""nofollow"">Twitter for iPhone</a>",
40,andrea_wiseman,Fri Mar 19 11:24:32 +0000 2021,Waking up early to chat on a couple of CBC radio shows about the week that was a month from the #CallItFemicide report‚Ä¶,CallItFemicide,False,0,7,"<a href=""http://twitter.com/download/android"" rel=""nofollow"">Twitter for Android</a>",
41,tin_lue,Fri Mar 19 11:24:26 +0000 2021,"Women all over the world are standing against femicide. From Turkey to Argentina and Myanmar to the UK. 

Women say en‚Ä¶",,False,0,741,"<a href=""http://twitter.com/download/android"" rel=""nofollow"">Twitter for Android</a>",
42,KhantsithuH,Fri Mar 19 11:24:01 +0000 2021,"Women all over the world are standing against femicide. From Turkey to Argentina and Myanmar to the UK. 

Women say en‚Ä¶",,False,0,741,"<a href=""http://twitter.com/download/android"" rel=""nofollow"">Twitter for Android</a>",
43,ThetPai64270859,Fri Mar 19 11:23:56 +0000 2021,"Women all over the world are standing against femicide. From Turkey to Argentina and Myanmar to the UK. 

Women say en‚Ä¶",,False,0,741,"<a href=""http://twitter.com/download/android"" rel=""nofollow"">Twitter for Android</a>",
44,Mister_Phyo,Fri Mar 19 11:23:43 +0000 2021,"Women all over the world are standing against femicide. From Turkey to Argentina and Myanmar to the UK. 

Women say en‚Ä¶",,False,0,741,"<a href=""http://twitter.com/download/iphone"" rel=""nofollow"">Twitter for iPhone</a>",
45,phyuhnin_11,Fri Mar 19 11:23:04 +0000 2021,"Women all over the world are standing against femicide. From Turkey to Argentina and Myanmar to the UK. 

Women say en‚Ä¶",,False,0,741,"<a href=""http://twitter.com/download/iphone"" rel=""nofollow"">Twitter for iPhone</a>",
46,THUNANDARTIN,Fri Mar 19 11:22:55 +0000 2021,"Women all over the world are standing against femicide. From Turkey to Argentina and Myanmar to the UK. 

Women say en‚Ä¶",,False,0,741,"<a href=""http://twitter.com/download/iphone"" rel=""nofollow"">Twitter for iPhone</a>",
47,Ciocia,Fri Mar 19 11:22:28 +0000 2021,Waking up early to chat on a couple of CBC radio shows about the week that was a month from the #CallItFemicide report‚Ä¶,CallItFemicide,False,0,7,"<a href=""http://twitter.com/#!/download/ipad"" rel=""nofollow"">Twitter for iPad</a>",
48,SoeWindia,Fri Mar 19 11:20:55 +0000 2021,"Women all over the world are standing against femicide. From Turkey to Argentina and Myanmar to the UK. 

Women say en‚Ä¶",,False,0,741,"<a href=""http://twitter.com/download/android"" rel=""nofollow"">Twitter for Android</a>",
49,garbopress,Fri Mar 19 11:20:18 +0000 2021,#ReclaimTheStreets: #SarahEverard‚Äôs kidnapper &amp; murderer is a serving police officer who lured her into his car using his p‚Ä¶,ReclaimTheStreets SarahEverard,False,0,0,"<a href=""http://twitter.com/#!/download/ipad"" rel=""nofollow"">Twitter for iPad</a>",
50,St_Cadburys,Fri Mar 19 11:19:21 +0000 2021,"I have a day's leave today, so we went for a walk along the river. Went to see the flowers at the Cathedral that have be‚Ä¶",,False,0,1,"<a href=""http://twitter.com/download/android"" rel=""nofollow"">Twitter for Android</a>",
51,ShadesofPemberl,Fri Mar 19 11:17:38 +0000 2021,Waking up early to chat on a couple of CBC radio shows about the week that was a month from the #CallItFemicide report‚Ä¶,CallItFemicide,False,0,7,"<a href=""http://twitter.com/download/android"" rel=""nofollow"">Twitter for Android</a>",
52,SweThiri2,Fri Mar 19 11:17:30 +0000 2021,"Women all over the world are standing against femicide. From Turkey to Argentina and Myanmar to the UK. 

Women say en‚Ä¶",,False,0,741,"<a href=""http://twitter.com/download/android"" rel=""nofollow"">Twitter for Android</a>",
53,KaungKyle,Fri Mar 19 11:17:01 +0000 2021,"Women all over the world are standing against femicide. From Turkey to Argentina and Myanmar to the UK. 

Women say en‚Ä¶",,False,0,741,"<a href=""http://twitter.com/download/android"" rel=""nofollow"">Twitter for Android</a>",
54,NangSeinSinMya2,Fri Mar 19 11:16:11 +0000 2021,"Women all over the world are standing against femicide. From Turkey to Argentina and Myanmar to the UK. 

Women say en‚Ä¶",,False,0,741,"<a href=""http://twitter.com/download/iphone"" rel=""nofollow"">Twitter for iPhone</a>",
55,Pipgulasdream,Fri Mar 19 11:16:10 +0000 2021,"Women all over the world are standing against femicide. From Turkey to Argentina and Myanmar to the UK. 

Women say en‚Ä¶",,False,0,741,"<a href=""http://twitter.com/download/android"" rel=""nofollow"">Twitter for Android</a>",
56,haymon76098808,Fri Mar 19 11:14:12 +0000 2021,"Women all over the world are standing against femicide. From Turkey to Argentina and Myanmar to the UK. 

Women say en‚Ä¶",,False,0,741,"<a href=""http://twitter.com/download/iphone"" rel=""nofollow"">Twitter for iPhone</a>",
57,PyaySoeAung5,Fri Mar 19 11:14:02 +0000 2021,"Women all over the world are standing against femicide. From Turkey to Argentina and Myanmar to the UK. 

Women say en‚Ä¶",,False,0,741,"<a href=""http://twitter.com/#!/download/ipad"" rel=""nofollow"">Twitter for iPad</a>",
58,ashdlyee,Fri Mar 19 11:13:53 +0000 2021,"97%. Meaning most, if not all of the women in your life have been sexually harassed. Every single women I know has their o‚Ä¶",,False,0,346,"<a href=""https://mobile.twitter.com"" rel=""nofollow"">Twitter Web App</a>",
59,shallisaw,Fri Mar 19 11:13:41 +0000 2021,"Women all over the world are standing against femicide. From Turkey to Argentina and Myanmar to the UK. 

Women say en‚Ä¶",,False,0,741,"<a href=""http://twitter.com/download/android"" rel=""nofollow"">Twitter for Android</a>",
60,SaiAung45385617,Fri Mar 19 11:13:34 +0000 2021,"Women all over the world are standing against femicide. From Turkey to Argentina and Myanmar to the UK. 

Women say en‚Ä¶",,False,0,741,"<a href=""http://twitter.com/download/android"" rel=""nofollow"">Twitter for Android</a>",
61,jasmineliangco,Fri Mar 19 11:12:44 +0000 2021,"97%. Meaning most, if not all of the women in your life have been sexually harassed. Every single women I know has their o‚Ä¶",,False,0,346,"<a href=""http://twitter.com/download/iphone"" rel=""nofollow"">Twitter for iPhone</a>",
62,chaisomsom,Fri Mar 19 11:11:24 +0000 2021,"Women all over the world are standing against femicide. From Turkey to Argentina and Myanmar to the UK. 

Women say en‚Ä¶",,False,0,741,"<a href=""http://twitter.com/download/android"" rel=""nofollow"">Twitter for Android</a>",
63,stableoo,Fri Mar 19 11:11:21 +0000 2021,"Women all over the world are standing against femicide. From Turkey to Argentina and Myanmar to the UK. 

Women say en‚Ä¶",,False,0,741,"<a href=""http://twitter.com/download/android"" rel=""nofollow"">Twitter for Android</a>",
64,riseuptigray,Fri Mar 19 11:10:33 +0000 2021,#WeaponizedRape and gender based violence explained by @OmnaTigray #SGBV #metoo #TigrayMothers #MothersDay‚Ä¶ https://t.co/haFvA9XNuv,WeaponizedRape SGBV metoo TigrayMothers MothersDay,False,0,0,"<a href=""http://twitter.com/download/android"" rel=""nofollow"">Twitter for Android</a>",
65,riseuptigray,Fri Mar 19 11:10:26 +0000 2021,"‚Äú...Disturbing reports of individuals allegedly forced to rape members of their own family, under threats of immine‚Ä¶ https://t.co/lYhJQNPTGP",,False,0,0,"<a href=""http://twitter.com/download/android"" rel=""nofollow"">Twitter for Android</a>",
66,Grassmonster3,Fri Mar 19 11:09:54 +0000 2021,1/ Met Deputy Chief Stephen House today criticised @SistersUncut and the #SarahEverard vigil for sharing what to do when faced‚Ä¶,SarahEverard,False,0,183,"<a href=""https://mobile.twitter.com"" rel=""nofollow"">Twitter Web App</a>",
67,Smile1234519,Fri Mar 19 11:09:41 +0000 2021,"Women all over the world are standing against femicide. From Turkey to Argentina and Myanmar to the UK. 

Women say en‚Ä¶",,False,0,741,"<a href=""http://twitter.com/download/android"" rel=""nofollow"">Twitter for Android</a>",
68,simrangaheer34,Fri Mar 19 11:09:29 +0000 2021,he was a police officer and she was walking home. #SarahEverard https://t.co/oVCj1b2Mr8,SarahEverard,False,0,77,"<a href=""http://twitter.com/download/iphone"" rel=""nofollow"">Twitter for iPhone</a>",
69,MaPhyuPZS,Fri Mar 19 11:08:45 +0000 2021,"Women all over the world are standing against femicide. From Turkey to Argentina and Myanmar to the UK. 

Women say en‚Ä¶",,False,0,741,"<a href=""http://twitter.com/download/android"" rel=""nofollow"">Twitter for Android</a>",
70,lisabjurwald,Fri Mar 19 11:08:39 +0000 2021,"""Telling women (...) that they live in a dangerous world where the only thing keeping them safe is the police 'prom‚Ä¶ https://t.co/bSCetmYCZV",,False,1,0,"<a href=""https://mobile.twitter.com"" rel=""nofollow"">Twitter Web App</a>",
71,aurumhero,Fri Mar 19 11:08:19 +0000 2021,"Women all over the world are standing against femicide. From Turkey to Argentina and Myanmar to the UK. 

Women say en‚Ä¶",,False,0,741,"<a href=""http://twitter.com/download/iphone"" rel=""nofollow"">Twitter for iPhone</a>",
72,v1nn7e,Fri Mar 19 11:07:41 +0000 2021,"For y‚Äôall exhausted, I‚Äôm feelin ya üëäüèΩüôèüèΩüíù

#SarahEverard
#WomenIn2021

@chicksforclimate https://t.co/PoGQIsOS1y",SarahEverard WomenIn2021,False,0,34,"<a href=""https://mobile.twitter.com"" rel=""nofollow"">Twitter Web App</a>",
73,IncEmp,Fri Mar 19 11:07:40 +0000 2021,We've had lots of conversations with our members about the best ways to support colleagues in the wake of‚Ä¶ https://t.co/AcEzMKztQR,,False,0,2,"<a href=""https://mobile.twitter.com"" rel=""nofollow"">Twitter Web App</a>",
74,BathforEurope,Fri Mar 19 11:06:39 +0000 2021,"@Jeni84977722 The danger is that #pritipatel has simply been clever enough to delay until April, when the tragedy of #Sa‚Ä¶",pritipatel,False,0,3,"<a href=""http://twitter.com/download/iphone"" rel=""nofollow"">Twitter for iPhone</a>",
75,HtutAmy,Fri Mar 19 11:06:19 +0000 2021,"Women all over the world are standing against femicide. From Turkey to Argentina and Myanmar to the UK. 

Women say en‚Ä¶",,False,0,741,"<a href=""http://twitter.com/download/android"" rel=""nofollow"">Twitter for Android</a>",
76,ronibulter,Fri Mar 19 11:06:08 +0000 2021,"‚Äúprotect ur daughter‚Äù
 EDUCATE UR SON FIRST THEN COME TELL US TO COVER GILRS #SarahEverard #EducateYourSons #girls #r@pe",SarahEverard EducateYourSons girls r,False,1,0,"<a href=""http://twitter.com/download/iphone"" rel=""nofollow"">Twitter for iPhone</a>",
77,GeorgiaDiVito,Fri Mar 19 11:06:08 +0000 2021,"My good friend @divitoe has written a beautiful song inspired by Sarah Everard.
Released at 5pm
‚Äúnot everyone is coming‚Ä¶",,False,0,1,"<a href=""http://twitter.com/download/iphone"" rel=""nofollow"">Twitter for iPhone</a>",
78,Kassidilla_,Fri Mar 19 11:05:27 +0000 2021,"97%. Meaning most, if not all of the women in your life have been sexually harassed. Every single women I know has their o‚Ä¶",,False,0,346,"<a href=""http://twitter.com/download/iphone"" rel=""nofollow"">Twitter for iPhone</a>",
79,Inn_Hay_Jin,Fri Mar 19 11:05:17 +0000 2021,"Women all over the world are standing against femicide. From Turkey to Argentina and Myanmar to the UK. 

Women say en‚Ä¶",,False,0,741,"<a href=""http://twitter.com/download/android"" rel=""nofollow"">Twitter for Android</a>",
80,thepublocal,Fri Mar 19 11:05:15 +0000 2021,Stunning and Brave graffiti on the avenue in Southampton x x #SarahEverard https://t.co/HxeHdlyTOw,SarahEverard,False,0,0,"<a href=""http://twitter.com/download/android"" rel=""nofollow"">Twitter for Android</a>",
81,zoelewisuk,Fri Mar 19 11:04:46 +0000 2021,"This is what I want to say following International Women‚Äôs Day, and the subsequent saddening and unsettling events‚Ä¶ https://t.co/0B1cmJPAck",,False,0,0,"<a href=""https://mobile.twitter.com"" rel=""nofollow"">Twitter Web App</a>",
82,MiYinYinMon5,Fri Mar 19 11:04:39 +0000 2021,"Women all over the world are standing against femicide. From Turkey to Argentina and Myanmar to the UK. 

Women say en‚Ä¶",,False,0,741,"<a href=""http://twitter.com/download/android"" rel=""nofollow"">Twitter for Android</a>",
83,spmsue126258,Fri Mar 19 11:03:56 +0000 2021,"Women all over the world are standing against femicide. From Turkey to Argentina and Myanmar to the UK. 

Women say en‚Ä¶",,False,0,741,"<a href=""http://twitter.com/download/android"" rel=""nofollow"">Twitter for Android</a>",
84,D_Ocean__,Fri Mar 19 11:03:40 +0000 2021,"I‚Äôve written about how men need to take responsibility for violence against women, by talking about it and acting indivi‚Ä¶",,False,0,70,"<a href=""http://twitter.com/download/iphone"" rel=""nofollow"">Twitter for iPhone</a>",
85,NayKo29920424,Fri Mar 19 11:03:30 +0000 2021,"Women all over the world are standing against femicide. From Turkey to Argentina and Myanmar to the UK. 

Women say en‚Ä¶",,False,0,741,"<a href=""http://twitter.com/download/android"" rel=""nofollow"">Twitter for Android</a>",
86,persiarainn,Fri Mar 19 11:02:52 +0000 2021,"Femicide is out of control in the UK. 

The recent murder of #SarahEverard is exposing the epidemic of violence and mu‚Ä¶",SarahEverard,False,0,397,"<a href=""http://twitter.com/download/android"" rel=""nofollow"">Twitter for Android</a>",
87,snowlions,Fri Mar 19 11:02:47 +0000 2021,"Women all over the world are standing against femicide. From Turkey to Argentina and Myanmar to the UK. 

Women say en‚Ä¶",,False,0,741,"<a href=""https://about.twitter.com/products/tweetdeck"" rel=""nofollow"">TweetDeck</a>",
88,persiarainn,Fri Mar 19 11:01:38 +0000 2021,"Women all over the world are standing against femicide. From Turkey to Argentina and Myanmar to the UK. 

Women say en‚Ä¶",,False,0,741,"<a href=""http://twitter.com/download/android"" rel=""nofollow"">Twitter for Android</a>",
89,brookeptweets,Fri Mar 19 10:59:43 +0000 2021,"Hi, I‚Äôm looking to speak to people who went to the vigil for #SarahEverard last Saturday. I will need to speak to y‚Ä¶ https://t.co/cluYaPkvAo",SarahEverard,False,0,0,"<a href=""http://twitter.com/download/iphone"" rel=""nofollow"">Twitter for iPhone</a>",
90,aeckevin,Fri Mar 19 10:59:22 +0000 2021,"Women all over the world are standing against femicide. From Turkey to Argentina and Myanmar to the UK. 

Women say en‚Ä¶",,False,0,741,"<a href=""http://twitter.com/download/iphone"" rel=""nofollow"">Twitter for iPhone</a>",
91,carolineslocock,Fri Mar 19 10:59:02 +0000 2021,I've written to the builder who was working next door to complain that one of his men shouted sexual comments at my‚Ä¶ https://t.co/nzOzO9ArUg,,False,9,0,"<a href=""https://mobile.twitter.com"" rel=""nofollow"">Twitter Web App</a>",
92,Classichurchgrl,Fri Mar 19 10:58:43 +0000 2021,"97%. Meaning most, if not all of the women in your life have been sexually harassed. Every single women I know has their o‚Ä¶",,False,0,346,"<a href=""http://twitter.com/download/iphone"" rel=""nofollow"">Twitter for iPhone</a>",
93,Thaenu299199,Fri Mar 19 10:58:05 +0000 2021,"Women all over the world are standing against femicide. From Turkey to Argentina and Myanmar to the UK. 

Women say en‚Ä¶",,False,0,741,"<a href=""http://twitter.com/download/android"" rel=""nofollow"">Twitter for Android</a>",
94,MTKSwiftie13,Fri Mar 19 10:57:37 +0000 2021,"Women all over the world are standing against femicide. From Turkey to Argentina and Myanmar to the UK. 

Women say en‚Ä¶",,False,0,741,"<a href=""https://mobile.twitter.com"" rel=""nofollow"">Twitter Web App</a>",
95,stitwit,Fri Mar 19 10:56:39 +0000 2021,Very good to hear @MishalHusain @BBCr4today addressing the pain caused when murder victim like #SarahEverard become‚Ä¶ https://t.co/PhLAcjZcxR,SarahEverard,False,0,0,"<a href=""https://mobile.twitter.com"" rel=""nofollow"">Twitter Web App</a>",
96,GillianWeston2,Fri Mar 19 10:56:37 +0000 2021,Did you know we offer a support service for people being #stalked? The death of #SarahEverard hit hit home for many people;‚Ä¶,stalked SarahEverard,False,0,1,"<a href=""http://twitter.com/#!/download/ipad"" rel=""nofollow"">Twitter for iPad</a>",
97,ThweZin05,Fri Mar 19 10:56:02 +0000 2021,"Women all over the world are standing against femicide. From Turkey to Argentina and Myanmar to the UK. 

Women say en‚Ä¶",,False,0,741,"<a href=""http://twitter.com/download/android"" rel=""nofollow"">Twitter for Android</a>",
98,Miz_Purpura,Fri Mar 19 10:55:55 +0000 2021,@elliereeves Emotive language? You were simply stating facts and figures. üôÑ Even when sthg is argued emotively it d‚Ä¶ https://t.co/7k9j4FOILl,,False,0,0,"<a href=""http://twitter.com/download/android"" rel=""nofollow"">Twitter for Android</a>",
99,7012Clyo,Fri Mar 19 10:54:47 +0000 2021,"Women all over the world are standing against femicide. From Turkey to Argentina and Myanmar to the UK. 

Women say en‚Ä¶",,False,0,741,"<a href=""http://twitter.com/download/android"" rel=""nofollow"">Twitter for Android</a>",
100,WinTheingiTun6,Fri Mar 19 10:54:34 +0000 2021,"Women all over the world are standing against femicide. From Turkey to Argentina and Myanmar to the UK. 

Women say en‚Ä¶",,False,0,741,"<a href=""http://twitter.com/download/android"" rel=""nofollow"">Twitter for Android</a>",
101,weewantfreedom,Fri Mar 19 10:54:27 +0000 2021,"Women all over the world are standing against femicide. From Turkey to Argentina and Myanmar to the UK. 

Women say en‚Ä¶",,False,0,741,"<a href=""http://twitter.com/download/iphone"" rel=""nofollow"">Twitter for iPhone</a>",
102,KhinYupar11,Fri Mar 19 10:53:57 +0000 2021,"Women all over the world are standing against femicide. From Turkey to Argentina and Myanmar to the UK. 

Women say en‚Ä¶",,False,0,741,"<a href=""http://twitter.com/download/iphone"" rel=""nofollow"">Twitter for iPhone</a>",
103,Miz_Purpura,Fri Mar 19 10:53:26 +0000 2021,Emotive language? She was simply stating facts and figures. üôÑ That has to stop being an objection. Even when sthg i‚Ä¶ https://t.co/YNykdJAPN9,,False,0,0,"<a href=""http://twitter.com/download/android"" rel=""nofollow"">Twitter for Android</a>",
104,dorothy_masey,Fri Mar 19 10:53:22 +0000 2021,"Women should feel safe everywhere.

#EnoughIsEnough #SarahEverard #SheWasJustWalkingHome #allontheboard https://t.co/uMu‚Ä¶",EnoughIsEnough SarahEverard SheWasJustWalkingHome allontheboard,False,0,2278,"<a href=""http://twitter.com/download/android"" rel=""nofollow"">Twitter for Android</a>",
105,thefinalhall,Fri Mar 19 10:53:10 +0000 2021,I wrote this about #maleviolence. Every woman has a story but these stories are not stories we should pass down. These stori‚Ä¶,maleviolence,False,0,2,"<a href=""http://twitter.com/download/iphone"" rel=""nofollow"">Twitter for iPhone</a>",
106,AnthonyOo95,Fri Mar 19 10:53:07 +0000 2021,"Women all over the world are standing against femicide. From Turkey to Argentina and Myanmar to the UK. 

Women say en‚Ä¶",,False,0,741,"<a href=""http://twitter.com/download/iphone"" rel=""nofollow"">Twitter for iPhone</a>",
107,KSoldusty,Fri Mar 19 10:52:49 +0000 2021,1/ Met Deputy Chief Stephen House today criticised @SistersUncut and the #SarahEverard vigil for sharing what to do when faced‚Ä¶,SarahEverard,False,0,183,"<a href=""https://mobile.twitter.com"" rel=""nofollow"">Twitter Web App</a>",
108,Htwe13Sdh,Fri Mar 19 10:52:22 +0000 2021,"Women all over the world are standing against femicide. From Turkey to Argentina and Myanmar to the UK. 

Women say en‚Ä¶",,False,0,741,"<a href=""http://twitter.com/download/iphone"" rel=""nofollow"">Twitter for iPhone</a>",
109,ko_nanda,Fri Mar 19 10:51:55 +0000 2021,"Women all over the world are standing against femicide. From Turkey to Argentina and Myanmar to the UK. 

Women say en‚Ä¶",,False,0,741,"<a href=""http://twitter.com/download/android"" rel=""nofollow"">Twitter for Android</a>",
